,text,lang,id,author_id,created_at
0,"For quality assignment help dm
Homework
Biology
Chemistry
English
#FALLSEMESTER 
Ecology
Anatomy
#MachineLearning  #DataScience #5G #100DaysOfCode
#Python #Cybersecurity #BigData #AI #IoT #DeepLearning
#ArtificialIntelligence #NLP #robots  #javascript https://t.co/tHQxHvUdXJ",en,1540420091271172099,1520097689895120899,2022-06-24T19:42:24.000Z
1,"configuroweb: Registro y Control de Notas para Estudiantes en PHP y #MySQL

https://t.co/yf1QlEaI49

#code #coding #javascript #python #datascience #programming #programmer #100daysofcode #webdev #webdevelopment #php #java #linux #css #codinglife #codingpics #configuroweb",es,1540420077010518018,1376508061746143243,2022-06-24T19:42:20.000Z
2,"dise√±o mec√°nico https://t.co/2slYtDE6Xn

#Freelance #RobloxDev #Blockchain #NFTs #100daysofcode #Web3 #Crypto #ai #ml #datascience #python #GameDev #Marketing #gig #indiedev #vroid #Writers #Artists #artcommissions #unity3d",es,1540419923440181252,1435146570534580226,2022-06-24T19:41:44.000Z
3,"Day 73. Today I studied Python's user-defined functions and nested functions. Had to go through these courses 3 times so it sticks, Zero kidding. 
Python is after my jugular üò©üòÄ.
#100DaysOfCode #Python #DataScience #TechWoman",en,1540419752539176961,1084459689063133184,2022-06-24T19:41:03.000Z
4,"KNN - K Nearest Neighbours

#Python #pythonlearning #DataAnalytics #databases #MachineLearning #DataScience #Deeplearning #BigData #Analytics #DataScientist #Linux #Programming #Coding #100DaysofCode #Data #100daysofcodechallenge #pythonprogramming #AI #SQL #NeuralNetworks https://t.co/e6DFroQid2",en,1540419561983467523,280183258,2022-06-24T19:40:17.000Z
5,"""The most important thing in communication is to hear what isn't being said.""- Peter Drucker #softwareengineer #javascript #python #C++ #golang #nodejs #reactjs #stockopertor #highgrowthstocks $SPX $QQQ $RUT $VIX #canslim #100DaysOfCode",en,1540419537451065344,1243665419501744133,2022-06-24T19:40:11.000Z
6,"#Hiring?
Sign up now https://t.co/o7lVlsCHXv
FREE. NO MIDDLEMEN
#Job #JobSearch #AI #DataAnalytics #MachineLearning #Python #JavaScript #WomenWhoCode #Programming #Coding #100DaysofCode #DEVCommunity #gamedev #gamedevelopment #indiedev #IndieGameDev #Mobile #gamers #RHOP #BTC #HR https://t.co/M4bnwC5aD1",en,1540419488276877312,1332714745871421443,2022-06-24T19:40:00.000Z
7,"Guaranteed A's in:
#Essays
Exams
Sociology
Thesis
English
Assignment
Homework due
stats
Term paper
PHYSICS
Chemistry
Project
History 
Onlineclass
Biology
Psychology
#AI
#WomenWhoCode
#100DaysOfCode
#javascript
#coding
#Analytics
#programming #DataScience
#Python
#Serverless",en,1540419355242029057,1520097689895120899,2022-06-24T19:39:28.000Z
8,"DM @GraceyEssays for:
understand Infosec Tools
#AI #DataSecurity #dataScientist #DataAnalytics #Python #RStats #Reactjs #IIoT #MachineLearning #flutter #javascript #TensorFlow #BigData #CloudComputing #coding  #100DaysOfCode #PyTorch #R #WomenInSTEM  #fintech #CyberSecurity https://t.co/z5Nf48NNh6",en,1540418880555941888,1403031834963886085,2022-06-24T19:37:35.000Z
9,"Buy Verified Transferwise accounts
https://t.co/qSl3gCvDT4
#buyverifiedtransferwiseaccounts #buywiseaccounts #buyverifiedwiseaccounts #100Daysofcode #programming #CodeNewbie #python #DataScience #gamedev #BigData
#Coding #DataScience #MachineLearning #NeuralNetworks #OpenSource https://t.co/AXdocD1pmT",en,1540418671809441792,1467832937768898564,2022-06-24T19:36:45.000Z
10,Day-4 #100DaysOfCode  boot-camp python,en,1540418666596024321,1508439735034912769,2022-06-24T19:36:44.000Z
11,"#Python #NodeJS #javascripttflx  #Cybersecurity #SEO  #medeepakjain #learnwithdeepak #javascript  #macOS #100DaysOfCode @PhishFindR #WordPress #webdev 
Talos Advisories.
Talos Rules 2022-06-23 
https://t.co/6kzhSm1Z9M",lt,1540418360655110145,1199332435701485569,2022-06-24T19:35:31.000Z
12,"Guaranteed A+ grade in;
Project
Math
Essay due
Pay write
English
Paper pay
Case study
Quiz
Do my homework
Online classes
Python..
Philosophy 
Book review
Assignment due
#Pay someone write
#100DaysOfCode
#Javascripts 
DM 
@Essay_Write25 
WhatsApp +1 (256) 649-9989",en,1540418031611944960,1344580703246233601,2022-06-24T19:34:12.000Z
13,"Buy SoundCloud Accounts
https://t.co/qlu4u3yDMB
#buysouncloudaccounts #soundcloudaccounts #soundcloudpromotion #MachineLearning #DataScience #5G #100DaysOfCode #Python
#Cybersecurity #BigData #AI #IoT #DeepLearning #ArtificialIntelligence #NLP #robots
#Industry40 #javascript30 https://t.co/seiAvq3Cxi",en,1540417811587026945,1467832937768898564,2022-06-24T19:33:20.000Z
14,"Ô£ø Fuck Boi Shit #hiphop 
#Python #Roblox #IoT #IIoT #Azure #PyTorch #Cython #RStats #DotNet #CPP #Java #BTSV #ADA #CSharp #Flutter #SQL #TensorFlow #pride #JavaScript #ReactJS #Serverless #Linux #Security #NFT #opensource
#AI #CSS #WordPress #HTML #DevOps #100DaysOfCode #Defi https://t.co/1AOn8dvNFA https://t.co/y9dPS56G6Q",en,1540417613536305156,1357331606319599619,2022-06-24T19:32:33.000Z
15,"#Hiring?
Sign up now https://t.co/o7lVlsCHXv
FREE. NO MIDDLEMEN
#Job #JobSearch #AI #DataAnalytics #MachineLearning #Python #JavaScript #WomenWhoCode #Programming #Coding #100DaysofCode #DEVCommunity #gamedev #gamedevelopment #indiedev #IndieGameDev #Mobile #gamers #RHOP #BTC #HR https://t.co/t0G1TXY6Jj",en,1540417474843119617,1332714745871421443,2022-06-24T19:32:00.000Z
16,"Place your orders now for the best grades in your 
#Math  
#English
#Chem
#Biology
#essaypay
#Religion
#history 
#python 
#essays 
#programming 
#statistics
#100DaysOfCode
#NodeJS
#Econometrics

dm 
@Essay_Write25 
WhatsApp +1 (256) 649-9989",en,1540417286762385408,1344580703246233601,2022-06-24T19:31:15.000Z
17,"Check out my Gig on Fiverr: I will do 3 modern creative minimalist logo design https://t.co/9efYAoa1rc 
#logo #design #Mufc #HJPatel #blogger #PyTorch #machinelearning #DataScience #Python #TensorFlow #JavaScript #ReactJS #Flutter #CloudComputing  #WomenWhoCode #100DaysOfCode",en,1540416950412918784,1519045274651754496,2022-06-24T19:29:55.000Z
18,"For quality assignment help
DM us
Essays
Exams
Homework
Biology
Art
Law
#nursingstudent
#Chemistry
English
#FALLSEMESTER 
Ecology
Anatomy
#MachineLearning  #DataScience #5G #100DaysOfCode
#Python #Cybersecurity #BigData #AI #IoT #DeepLearning
#ArtificialIntelligence
 #NLP #robots",en,1540416894368374785,1499685033849901056,2022-06-24T19:29:41.000Z
19,"Hire us and get excellent grades. Discount allowed
research paper
#javascript
Nursing
#psychology
Biology
#Essay 
#Mathlab 
#Python  
#javascript 
Poem analysis
#real analysis
#Philosophy 
Book review
Proposal
#100DaysOfCode
#Calculus
Dm
@essay_writer14",en,1540416717565870081,4821098536,2022-06-24T19:28:59.000Z
20,üî•üî•Free #DataScience Course for complete beginners üî•üî• #DataScience #MachineLearning #data #Rstats #Python #100DaysOfCode #coding #udemyfree #javascript #Developers #DeepLearning #Analytics https://t.co/fIy5HvQEng,en,1540416329978609665,165329952,2022-06-24T19:27:27.000Z
21,"Day 1 - #100DaysOfCode Challenge

Today I started 100 Days of Code: The Python Bootcamp 

#python #coding
Day 1",en,1540416315063767041,1318986351186935814,2022-06-24T19:27:23.000Z
22,4 Pillars of Data Science #MachineLearning #AI #Python #DataScience #BigData #DeepLearning #IoT #100DaysOfCode #5G #robots #tech #ArtificialIntelligence #NLP #cloud #4IR #cybersecurity https://t.co/SCT0OCbvHf,en,1540416198797660160,165329952,2022-06-24T19:26:55.000Z
23,#Python #NodeJS #javascripttflx  #Cybersecurity #SEO  #medeepakjain #learnwithdeepak #javascript  #macOS #100DaysOfCode @PhishFindR #WordPress #webdev https://t.co/4pCN2j6zhn,qme,1540416176446119939,1199332435701485569,2022-06-24T19:26:50.000Z
24,"Guaranteed A's in:
#Essays
Exams
Sociology
Thesis
English
Assignment
Homework due
stats
Term paper
PHYSICS
Chemistry
Project
History 
Onlineclass
Biology
Psychology
#AI
#WomenWhoCode
#100DaysOfCode
#javascript
#coding
#Analytics
#programming #DataScience
#Python
#Serverless https://t.co/MsZFFzz5zd",en,1540416044019367936,1499685033849901056,2022-06-24T19:26:19.000Z
25,"I will be your good front-end developer

Service link: https://t.co/yhFr1VRUNk 

#BigData #Analytics #DataScience #IoT #IIoT #PyTorch #Python #RStats #TensorFlow #Java #JavaScript #ReactJS #GoLang #CloudComputing #Serverless #DataScientist #Linux #Books #Coding #100DaysofCode https://t.co/eSkMdmv0wz",en,1540415933898190848,1204830366793515008,2022-06-24T19:25:52.000Z
26,"Guaranteed A's in:
#Essays
Exams
Sociology
Thesis
English
Assignment
Homework due
stats
Term paper
PHYSICS
Chemistry
Project
History 
Onlineclass
Biologic
Psychology
#AI
#WomenWhoCode
#100DaysOfCode
#javascript
#coding
#Analytics
#programming #DataScience
#Python
#Serverless",en,1540415916684484609,1499685033849901056,2022-06-24T19:25:48.000Z
27,"#Python #NodeJS #javascripttflx  #Cybersecurity #SEO  #medeepakjain #learnwithdeepak #javascript  #macOS #100DaysOfCode @PhishFindR #WordPress #webdev 
Live Cyber Threat Map
24-06-2022 ‚Äì 21:23
https://t.co/0NpkLEADAT",en,1540415574001569799,1199332435701485569,2022-06-24T19:24:27.000Z
28,"I will convert PSD to HTML xd to HTML figma to HTML sketch to HTML

Service link: https://t.co/6Gf6CII5to 

#creativecoding #coding #css #React #Javascript #151daysofcode #blender3d #python #CodeNewbie #Java #100DaysOfCode #gamedev #openSource #dataScience #Serverless #animation https://t.co/81XUlsnV3e",en,1540415499678654464,1204830366793515008,2022-06-24T19:24:09.000Z
29,"Buy Angies list Reviews
https://t.co/J5CGpt3T3E
#buyangieslistreviews #angieslistreviews #writerslift #WritersCommunity #readingcommunity
#readingforpleasure #author #KindleUnlimited #TwitchDoBetter #100DaysOfCode
#javascript #webdevelopment #html #CSS3 #WomenWhoCode #Python #Dev https://t.co/BIEabiNeCG",en,1540415350931501056,1467832937768898564,2022-06-24T19:23:33.000Z
30,"This Summer, let's handle your:-
#Assignments
#Calculus
#Homework
#Summerclasses
#Onlineclass
#Finance
#Accounting
#Essaydue
#Engineering
#Music
#Art

#Law
#Javascript
#Python
#Programming

#CodeNewbies 
#100daysofcode
#Webdevelopment 
#Datascience
Text/WhatsApp +1(870) 522-5361 https://t.co/yzerUOKXVU",en,1540415244442509312,1499685033849901056,2022-06-24T19:23:08.000Z
31,"Hire us to handle:
#Assignments 
Accounting
#calculus 
#homework
#summerclasses 
#Onlineclass 
#essayhelp 
Finance. 
#Essaydue 
#essaywrite 
#Music
#Art
Law 
#Javascript
#Python
#Programming
#CodeNewbies 
#100daysofcode
#webdevelopment 
#Datascience
Text/WhatsApp +1(870) 522-5361 https://t.co/Jjsmnn6xvW",en,1540415133805150209,1499685033849901056,2022-06-24T19:22:42.000Z
32,"How to Create Digital Portrait like this
üëá
https://t.co/b8xZI3plhH

#creativecoding #coding #css #React #Javascript #blender3d #python #Java #100DaysOfCode #gamedev #Procreate #openSource #dataScience #art #arte #animation #cinema4d
https://t.co/MLyT6Js1kG",en,1540415027882123273,910879843054751744,2022-06-24T19:22:16.000Z
33,"How to create Realistic Oil Portraiture
üëá
https://t.co/aeCXKZi6P3

#creativecoding #coding #css #React #Javascript #151daysofcode #blender3d #python #CodeNewbie #Java #100DaysOfCode #gamedev #openSource #dataScience #Serverless #animation #cinema4d
https://t.co/0jn7y3oQgE",en,1540414998396166147,910879843054751744,2022-06-24T19:22:09.000Z
34,"How to create Realistic Oil Portraiture
üëá
https://t.co/aeCXKZi6P3
#creativecoding #coding #css #React #Javascript #151daysofcode #blender3d #python #CodeNewbie #Java #100DaysOfCode #gamedev #openSource #dataScience #Serverless #animation #cinema4d
https://t.co/0jn7y3oQgE",en,1540414955794595841,910879843054751744,2022-06-24T19:21:59.000Z
35,"Want to listen to #podcasts and learn from the experts?
 Check: Test and Code Podcast @testandcode @brianokken added to https://t.co/LBpwxU1xQU

#Python #Podcast #100DaysOfCode #CodeNewbie #301DaysOfCode #WomenWhoCode #WomenInTech #Developers #WebDev https://t.co/ir1s9lDvX7",en,1540414652466749442,922960773659463680,2022-06-24T19:20:47.000Z
36,"#Hiring?
Sign up now https://t.co/o7lVlsCHXv
FREE. NO MIDDLEMEN
#Job #JobSearch #AI #DataAnalytics #MachineLearning #Python #JavaScript #WomenWhoCode #Programming #Coding #100DaysofCode #DEVCommunity #gamedev #gamedevelopment #indiedev #IndieGameDev #Mobile #gamers #RHOP #BTC #HR https://t.co/rw4nWeRnGE",en,1540414454982004736,1332714745871421443,2022-06-24T19:20:00.000Z
37,"Animation and Design of Characters in After Effects
üëá
https://t.co/gIypF9jFkO

#creativecoding #coding #css #aftereffects #Javascript #ReactJS #blender3d #python #AE #Java #100DaysOfCode #gamedev #openSource #dataScience #art #animation #cinema4d https://t.co/ZvIfG69B8P",en,1540413913908625408,910879843054751744,2022-06-24T19:17:51.000Z
38,"#FEATURED #COURSES
Complete #Python #Developer in 2022: Zero to Mastery
How to become a #Python3 Developer and get hired
Build 12+ projects
learn #Web #Development
#Machine #Learning + more
https://t.co/vRkg9EK8Sw
#CodeNewbies #100DaysOfCode #webdevelopment #WomenWhoCode #online https://t.co/DeMOQuMH6D",en,1540413322650177536,134434122,2022-06-24T19:15:30.000Z
39,"#include 
{#AI @HMOIndia we need #meeting to get #CbiForShikha}
}
#JSPForNewAgePolitics #forex #javascript #bot #AI #Website #CodeNewbie #women #flutter #nft #python #Web3 #cybersecurity #ada #cod #100DaysOfCode #Microsoft #WomenWhoCode #infosec #Genesis #Illuminati #news #dot https://t.co/JyZ4I06dhZ https://t.co/xE8qWF45Dm",en,1540412778346856448,1413614842104012801,2022-06-24T19:13:20.000Z
40,"#100DaysOfCode 
 Pythonüêç https://t.co/Qz2WqKe9li",cy,1540412703574999041,1333843618365313026,2022-06-24T19:13:02.000Z
41,"Learn DataScience from DataCamp
Pay 59$ on an annual subscription 
Enroll from here: https://t.co/MOd54jRwW9
Data Analyst with SQL Track Review
https://t.co/qbb5x9kL1x
#Python #data #DataScience #MachineLearning #DataScience #MachineLearning #Rstats #100DaysOfCode",en,1540412438306508800,1094022475736903687,2022-06-24T19:11:59.000Z
42,"Coupons Free Discount - Projects in AngularJS - Learn by building 10 Projects Courses -&gt; https://t.co/t8Nd8hg3RC

#udemy #webdevelopment #javascript #Angular #React #CSS #Django #PHP #Python #bootstrap #vuejs #NodeJs  #html #WordPress #Redux #Vuex #100DaysOfCode",en,1540412380525367296,1372120672432844801,2022-06-24T19:11:45.000Z
43,"Learn Data Science from DataCamp
Pay 59$ on an annual subscription 
Enroll from here: https://t.co/MOd54jQZ6B
Python Programmer Track Review
https://t.co/ZfRiP6oxbo
 #research #data #DataScience #MachineLearning #DeepLearning #Rstats  #100DaysOfCode",en,1540412379619540992,1094022475736903687,2022-06-24T19:11:45.000Z
44,"A Detailed Review of DataCamp Platform
Part1
https://t.co/WZzfgGMHoy
Part2
https://t.co/kYMZ8ysEgI
Enroll NOW for Only 59$/Year
üî• https://t.co/MOd54jQZ6B üî•
#research #DataScience #MachineLearning #data #Rstats #Python #100DaysOfCode #code",en,1540412310077988864,1094022475736903687,2022-06-24T19:11:28.000Z
45,"#include 
{#AI @HMOIndia we need #meeting to get #CbiForShikha}
}
#JSPForNewAgePolitics #forex #javascript #bot #AI #Website #CodeNewbie #women #flutter #nft #python #Web3 #cybersecurity #ada #cod #100DaysOfCode #Microsoft #WomenWhoCode #infosec #Genesis https://t.co/HvwK9P459w https://t.co/oR9HSuTxat https://t.co/b7iaZ6cNBT",en,1540412231434641408,1413614842104012801,2022-06-24T19:11:10.000Z
46,"Get My Latest Course(MIS Student's Journey) as low as possible (9.99$)
https://t.co/o56cx7hwTZ
#research #DataScience #MachineLearning #data #Rstats #Python #100DaysOfCode #coding #udemycourse 
 #javascript #Developers #DeepLearning #Analytics",en,1540412207607029760,1094022475736903687,2022-06-24T19:11:04.000Z
47,"#Hiring?
Sign up now https://t.co/o7lVlsCHXv
FREE. NO MIDDLEMEN
#Job #JobSearch #AI #DataAnalytics #MachineLearning #Python #JavaScript #WomenWhoCode #Programming #Coding #100DaysofCode #DEVCommunity #gamedev #gamedevelopment #indiedev #IndieGameDev #Mobile #gamers #RHOP #BTC #HR https://t.co/gnbtcojunx",en,1540412190104006656,1332714745871421443,2022-06-24T19:11:00.000Z
48,"#include 
{#AI @HMOIndia we need #meeting to get #CbiForShikha}
}
#JSPForNewAgePolitics #forex #javascript #bot #AI #Website #CodeNewbie #women #flutter #nft #python #Web3 #cybersecurity #ada #cod #100DaysOfCode #Microsoft #WomenWhoCode #infosec #Genesis https://t.co/HvwK9P459w https://t.co/6IVCAMjRaU",en,1540412154137808896,1413614842104012801,2022-06-24T19:10:51.000Z
49,"If You Are an MIS Student, then you need this course "" MIS Student's Journey"" https://t.co/aW13vcCnSa #research #DataScience #MachineLearning #data #Rstats #Python #100DaysOfCode #coding #udemyfree  #Developers #DeepLearning #Analytics",en,1540412119052689408,1094022475736903687,2022-06-24T19:10:43.000Z
50,"üî•üî•Free #DataScience Course for complete beginners üî•üî•
https://t.co/nv5yQQ7I6k
#research #DataScience #MachineLearning #data #Rstats #Python #100DaysOfCode #coding #udemyfree  #javascript #Developers #DeepLearning #Analytics",en,1540412076786589702,1094022475736903687,2022-06-24T19:10:33.000Z
51,"#include 
{#AI @HMOIndia we need #meeting to get #CbiForShikha}
}
#JSPForNewAgePolitics #forex #javascript #bot #AI #Website #CodeNewbie #women #flutter #nft #python #Web3 #cybersecurity #ada #cod #100DaysOfCode #Microsoft #WomenWhoCode #infosec #Genesis https://t.co/HvwK9P459w https://t.co/FSHLXJyDH2",en,1540412062613983232,1413614842104012801,2022-06-24T19:10:29.000Z
52,"Need assignment help?
#Paper pay 
#python 
#Math
#essaywrite
#Essayhelp
#Casestudy
#javascript
#Homework
#Philosophy
#Onlineclass
#Essaypay
#Econometrics
#WomenWhoCode 
#Assignmentdue
#essayhelp
#College
#100DaysOfCode
#NodeJS
hmu 
@Essay_Write25 
WhatsApp +1 (256) 649-9989",en,1540412047640371201,1344580703246233601,2022-06-24T19:10:26.000Z
53,"Is python the easiest programming language ü§î?
#100DaysOfCode #AI #techtwitter #SoftwareEngineer",en,1540412042766581760,1339624109773365248,2022-06-24T19:10:25.000Z
54,"""There are no second chances in life, except to feel remorse.""- Carlos Ruiz Zafon #softwareengineer #javascript #python #C++ #golang #nodejs #reactjs #stockopertor #highgrowthstocks $SPX $QQQ $RUT $VIX #canslim #100DaysOfCode",en,1540411999892430849,1243665419501744133,2022-06-24T19:10:14.000Z
55,"Coupons Free Discount - The Complete Web Developer in 2022: Zero to Mastery Courses -&gt; https://t.co/UTthaE8dvp

#udemy #webdevelopment #javascript #Angular #React #CSS #Django #PHP #Python #bootstrap #vuejs #NodeJs  #html #WordPress #Redux #Vuex #100DaysOfCode",en,1540411954421825536,1372120672432844801,2022-06-24T19:10:04.000Z
56,"#100DaysOfCode 
Day 7
#Python #leetcode 
LeetCode problems(Easy and Medium) https://t.co/ltuTcFctki",en,1540411830132252673,816915735045959680,2022-06-24T19:09:34.000Z
57,"#include&lt;#news
{
printf{#AI #PatriotsUnite #trending #BigData #bot}

}
#JS #forex #javascript #bot #AI  #CodeNewbie #women #flutter #OpenSource #NFTs #python #Web3 #cybersecurity #cod #100DaysOfCode #feelspecial #WomenWhoCode #Blockchain #Robotic #info #genesisnft #feel #coding https://t.co/sEPEbRBEOz",en,1540411798221795328,1413614842104012801,2022-06-24T19:09:26.000Z
58,"Day 7 #100DaysOfCode

Had to take a coding break the last days due to a busy end of the semester in art school, but finally back at it! Today I worked on a Hangman project in #Python.",en,1540411777929854978,538565729,2022-06-24T19:09:21.000Z
59,"#include&lt;#news
{
printf{#AI #PatriotsUnite #trending #BigData #bot}

}
#JS #forex #javascript #bot #AI  #CodeNewbie #women #flutter #OpenSource #NFTs #python #Web3 #cybersecurity #cod #100DaysOfCode #feelspecial #WomenWhoCode #Blockchain #Robotic #info #genesisnft #feel #coding https://t.co/z2O1xawICV",en,1540411564636794880,1413614842104012801,2022-06-24T19:08:31.000Z
60,"Coupons Free Discount - The Complete Web Developer Course 2.0 Courses -&gt; https://t.co/fvDWcqc790

#udemy #webdevelopment #javascript #Angular #React #CSS #Django #PHP #Python #bootstrap #vuejs #NodeJs  #html #WordPress #Redux #Vuex #100DaysOfCode",en,1540411231034433537,1372120672432844801,2022-06-24T19:07:11.000Z
61,"#include 
{#AI @HMOIndia we need #meeting to get #CbiForShikha}
}
#JSPForNewAgePolitics #forex #javascript #bot #AI #Website #CodeNewbie #women #flutter #nft #python #Web3 #cybersecurity #ada #cod #100DaysOfCode #Microsoft #WomenWhoCode #infosec #Genesis https://t.co/HvwK9P459w https://t.co/7t8SKntmPb",en,1540411196544692224,1413614842104012801,2022-06-24T19:07:03.000Z
62,Buy Zomato Reviews https://t.co/H81FOz2yqI #buyzomatoreviews #zomatoreviews #MachineLearning #DataScience #5G #100DaysOfCode #Python #Cybersecurity #uniquesservice1 #BigData #AI #IoT #DeepLearning #ArtificialIntelligence #NLP #robots #Industry40 #tech #DEVCommunity https://t.co/GgTmAy3Gk8,en,1540411035621810176,1467832937768898564,2022-06-24T19:06:25.000Z
63,"Coupons Free Discount - The Web Developer Bootcamp 2022 Courses -&gt; https://t.co/bQCuLDYEL8

#udemy #webdevelopment #javascript #Angular #React #CSS #Django #PHP #Python #bootstrap #vuejs #NodeJs  #html #WordPress #Redux #Vuex #100DaysOfCode",en,1540410995482320897,1372120672432844801,2022-06-24T19:06:15.000Z
64,"Final Value of Variable After Performing Operations - LeetCode 
Runtime: 71 ms, faster than 94.24% of TypeScript submissions

#100DaysOfCode  #100DaysOfMLCode #30DaysOfCode #javascript #reactjs #python #NodeJS #leetcode #hackerrank
https://t.co/3jIn3iaebE https://t.co/OPM8x3xyVg",en,1540410511870812161,853079672481099776,2022-06-24T19:04:20.000Z
65,"#include 
{#AI @HMOIndia we need #meeting to get #CbiForShikha}
}
#JS #forex #javascript #bot #AI #Website #CodeNewbie #women #flutter #nft #python #Web3 #cybersecurity #ada #cod #100DaysOfCode #DevOps #Microsoft #WomenWhoCode #Blockchain #infosec #Genesis https://t.co/HvwK9P459w https://t.co/SAXvZBfUOd",en,1540409561630183424,1413614842104012801,2022-06-24T19:00:33.000Z
66,"#include 
{#AI @HMOIndia we need #meeting to get #CbiForShikha}
}
#JS #forex #javascript #bot #AI #Website #CodeNewbie #women #flutter #nft #python #Web3 #cybersecurity #ada #cod #100DaysOfCode #DevOps #Microsoft #WomenWhoCode #Blockchain #infosec #Genesis https://t.co/HvwK9P459w https://t.co/rU1UBkdrvc",en,1540409536317517825,1413614842104012801,2022-06-24T19:00:27.000Z
67,RT:How old is your language? v/@Sheraj99 #MachineLearning #DataScience #SQL #Cybersecurity #BigData #Analytics #AI #IIoT #Python #RStats #TensorFlow #JavaScript #ReactJS #CloudComputing #Serverless #DataScientist #Linux #Bot #100DaysofCode #NodeJS #golang #NLP #GitHub #IoT #AWS https://t.co/r1PYQhZlNQ,en,1540409517984415744,1258343680634748928,2022-06-24T19:00:23.000Z
68,"Vue 3 incl. Router, VueX, Pinia, Composition API &amp; Firebase #udemycoupon

=&gt; https://t.co/pLWg3rkVqh

#VueJS #React #Angular #PHP #HTML5 #CSS #WordPress #Laravel #javascript #NodeJs #Django #Bootstrap #Python #Typescript #RXJS #100DaysOfCode #javascript30 #udemy #free",fr,1540409427072716800,1370592398636589059,2022-06-24T19:00:01.000Z
69,"NEED a #JOB?
Sign up now https://t.co/o7lVlsCHXv
FREE. NO MIDDLEMEN
#Jobs #AI #DataAnalytics #MachineLearning #Python #JavaScript #WomenWhoCode #Programming #Coding #100DaysofCode #DEVCommunity #gamedev #gamedevelopment #indiedev #IndieGameDev #Mobile #gamers #RHOP #BTC #ETH #SOL https://t.co/1PbulYpDw8",en,1540409424514191360,1332714745871421443,2022-06-24T19:00:00.000Z
70,"#FEATURED #COURSES

Machine Learning, Data Science and Deep Learning with Python

Complete hands-on #machine #learning tutorial with #data #science, #Tensorflow, #artificial #intelligence, and neural networks

https://t.co/PaHDf4fIL2

#python #100daysofcode #coding #udemy https://t.co/x8ntEwnIZa",en,1540409283891847168,134434122,2022-06-24T18:59:27.000Z
71,"Registro y Control de Notas para Estudiantes en PHP y #MySQL

https://t.co/R6f9xMSoTh

#code #coding #javascript #python #datascience #programming #programmer #100daysofcode #webdev #webdevelopment #php #java #linux #css #codinglife #codingpics #configuroweb",es,1540409218133540865,227530614,2022-06-24T18:59:11.000Z
72,"Day 3Ô∏è‚É£7Ô∏è‚É£ (R3) of #100DaysOfCode:

Started with a bit of Python this evening, but the main bulk has been adding more features to Bordle! üåé

I haven't worked on this in ages, excited to get back to it!

If you haven't played it, you can find it here: 

https://t.co/nvMeE8nkpA https://t.co/LbCZiSe0zt",en,1540409032544075776,1250724468437155840,2022-06-24T18:58:27.000Z
73,"Pay professionals to help you in:
-Summer classes 
-Homework
-Test help
-Online class
-Pay paper
-Math
-History paper
-Law
-Anatomy
-Philosophy
-Presentation
-Calculus.
-Research paper
-Discussion
-Psychology
-Assignment
-Algebra
-Coursework
-Marketing
#100daysofcode
#Python 
DM",en,1540408614606835712,1499004242782269446,2022-06-24T18:56:47.000Z
74,"Day 20 of #100DaysOfCode 

‚úÖ Solved leetcode 22 - Generate Parentheses 
‚úÖ Solved leetcode 17 -  Letter Combinations of a Phone Number

#leetcode #DSA #python #Coding #programming",en,1540408326197878784,904323942298550272,2022-06-24T18:55:39.000Z
75,#Fresh #oldskool #dnb #bass #jungle 24/7 #radio now? Join the chat @ https://t.co/m6taZ6g18c | #Retweet #AI #rtitbot '@BlazedRTs '@RexRTs '@sme_rt #php #react #python #nodejs #flutter #webdev #100daysofcode #sound #design #coding | #Follow '@koollondon https://t.co/lKeUIgyfNH,en,1540408212465127424,1949360875,2022-06-24T18:55:11.000Z
76,"We deliver unique work üêø   
 üå± DM for value-based services  
 #Case study 
 #homework 
 #Math 
 #python
 #homework 
 #Paper pay
 #Essaypay 
 #Philosophy 
 #100DaysOfCode 
 #Math 
 #Case study 
 #homework 
 üëÑ 
 üçÑ 

 https://t.co/MrEPSqHB5x",en,1540407977051533312,1343372118,2022-06-24T18:54:15.000Z
77,"Thank you SO MUCH for your very kind #ReTweets! üòÑ

@AI_Miami @xaelbot @ServerlessFan @Calcaware @Strat_AI 

#100DaysOfCode #AI #Analytics #ArtificialIntelligence #CyberSecurity #Data #DataScience #MachineLearning #ML #OpenSource #Python #Serverless #WomenWhoCode https://t.co/LujU6gN8Yn",en,1540407072306728962,967382282402254848,2022-06-24T18:50:40.000Z
78,Best Web Development Courses for Beginners https://t.co/vFpRDlOruh #programming #LearnProgramming #Developer #code #coding #coder #tutorials #webdev #womenwhocode #100DaysOfCode #301DaysOfCode #html #css #js #javascript #nodejs #php #python #webdev,en,1540406958091603969,1174791520555323395,2022-06-24T18:50:12.000Z
79,"""Duty makes us do things well, but love makes us do them beautifully.  ""- Zig Ziglar #softwareengineer #javascript #python #C++ #golang #nodejs #reactjs #stockopertor #highgrowthstocks $SPX $QQQ $RUT $VIX #canslim #100DaysOfCode",en,1540406955507961860,1243665419501744133,2022-06-24T18:50:12.000Z
80,"NEED a #JOB?
Sign up now https://t.co/o7lVlsCHXv
FREE. NO MIDDLEMEN
#Jobs #AI #DataAnalytics #MachineLearning #Python #JavaScript #WomenWhoCode #Programming #Coding #100DaysofCode #DEVCommunity #gamedev #gamedevelopment #indiedev #IndieGameDev #Mobile #gamers #RHOP #BTC #ETH #SOL https://t.co/2B9DPBP4wf",en,1540406905205510145,1332714745871421443,2022-06-24T18:50:00.000Z
81,"Ô£ø I Maintain My Music Box Wellüë©üèª‚Äçüé§
#Python #IoT #NFT #PyTorch #JavaScript #ReactJS #WordPress #Security #DeFi #100DaysOfCode
#trendingkiiara #buildinginpublic
@KIIARA #fintech #insurtech #AI #finserv #marketing #TensorFlow #datavis #Infosec #DevOps #Ad
#MLOps #Flutter #HTML #Azure https://t.co/4IAgeF6t9L https://t.co/suhpvb2kXR",en,1540406760674136064,1430636979830628359,2022-06-24T18:49:25.000Z
82,"Day 24 #100DaysOfCode 

Today I didn't learnt anything nee but wrote a simple code for a player of game known as ""laddu game""
I'm dam sure you haven't heard it about before but this game exists. Code is below. In #python https://t.co/ql98LtCsTa",en,1540406506121601024,1488040213197000705,2022-06-24T18:48:25.000Z
83,"Day 22 of #100DaysofCode #c #Python #cpp #Ingressive4good #Django
 I finally cleared my Django task  today. It was a very insightful task which focused more on solidifying one's understanding of how Django is a mini internet. #zuri thanks for the apt tutorials üíùüíù Happy weekend! https://t.co/uWMMNjqzh5",en,1540406325619949571,1482554199477047297,2022-06-24T18:47:42.000Z
84,"Chrome pour iOS sera bient√¥t un gestionnaire de mots de passe comme les autres
https://t.co/c11ZDMRfi0

#cryptocurrencies #MachineLearning #AI #Python #DeepLearning #100DaysOfCode #fintech #nocode #bitcoin #cybersecurity #cybersecurite #metaverse #NFTs #web3 https://t.co/EfovVNmcgz",fr,1540405655911153668,1273173749492219905,2022-06-24T18:45:02.000Z
85,"We deliver unique work üëî   
 ü¶ë DM for value-based services  
 #100DaysOfCode 
 #Paper pay 
 #Paper pay 
 #Econometrics
 #python 
 #essaywrite
 #Econometrics 
 #homework
 #homework 
 #homework 
 #Case study 
 #Essaypay 
 üï∫ 
 üöó 

 https://t.co/MrEPSqHB5x",en,1540405446392942592,1343372118,2022-06-24T18:44:12.000Z
86,"100 Days of Code: The Complete #Python Pro #Bootcamp for 2022

Master #Python by building 100 projects in 100 days. Learn data science, automation, build websites, games and apps!

https://t.co/2rhmVBeKQ1

#udemy #online #courses #onlinecourses #100daysofcode #womenwhocode https://t.co/ItwZ1XFF5Q",en,1540405213223428096,134434122,2022-06-24T18:43:16.000Z
87,"#Assignmenthelp
#Paper pay 
#python
#homework
#Onlineclass
#Essaypay
#100DaysOfCode
#Econometrics
#Math
#homework
#essaywrite
#Casestudy
#javascript
#Homework
#Philosophy
#WomenWhoCode 
#Assignmentdue
#NodeJS
#essayhelp
#DM #us 
@academics_realcbb https://t.co/JrW96DZBkq",und,1540405026291699712,1473863625429430284,2022-06-24T18:42:32.000Z
88,"configuroweb: Sistema Punto de venta (TPV) Para Cafeter√≠as en PHP y #MySQL

https://t.co/8CBOP2cytA

#code #coding #javascript #python #datascience #programming #programmer #100daysofcode #webdev #webdevelopment #php #java #linux #css #codinglife #codingpics #configuroweb",es,1540405006205075464,1376508061746143243,2022-06-24T18:42:27.000Z
89,"Day40-Working on lists in Python
#100DaysOfCode 
#codeHive2022 https://t.co/RNpFeYbWoC",en,1540404978589777921,1513152222238068749,2022-06-24T18:42:20.000Z
90,"Buy Verified Stripe Accounts
https://t.co/yA8eAghlx4
#stripe #buyverifiedstripeaccounts #verifiedstripeaccounts #100Daysofcode #programming #CodeNewbie #python #DataScience #gamedev #BigData
#Coding #DataScience #MachineLearning #NeuralNetworks #OpenSource #AI #DEVCommunity https://t.co/2zyIC0SNZ1",en,1540404951834234881,1467832937768898564,2022-06-24T18:42:14.000Z
91,"""If the plan doesn't work, change the plan, but never the goal.""- Unknown #softwareengineer #javascript #python #C++ #golang #nodejs #reactjs #stockopertor #highgrowthstocks $SPX $QQQ $RUT $VIX #canslim #100DaysOfCode",en,1540404526955495426,1243665419501744133,2022-06-24T18:40:33.000Z
92,"#day4 of #100daysofcode Python Programming
Random numbers and Python Lists ( data structures ), nested lists..
@yu_angela #Udemy 
and finally ending with writing code#RockPaperScissors game",en,1540404426619424770,126292134,2022-06-24T18:40:09.000Z
93,"NEED a #JOB?
Sign up now https://t.co/o7lVlsCHXv
FREE. NO MIDDLEMEN
#Jobs #AI #DataAnalytics #MachineLearning #Python #JavaScript #WomenWhoCode #Programming #Coding #100DaysofCode #DEVCommunity #gamedev #gamedevelopment #indiedev #IndieGameDev #Mobile #gamers #RHOP #BTC #ETH #SOL https://t.co/0PkxzEKZ1d",en,1540404137019314176,1332714745871421443,2022-06-24T18:39:00.000Z
94,"Buy Verified Paypal Accounts
https://t.co/ooZDakqtQo
#buyverifiedpaypalaccounts #verifiedpaypalaccounts #paypalaccounts #FraudDetection #Financial #ArtificialIntelligence #MachineLearning #NLP #AI
#100DaysofCode #serverless #iot #womenwhocode #Python #BigData #Analytics #Data https://t.co/efsHkRmTjx",en,1540403900716421120,1467832937768898564,2022-06-24T18:38:03.000Z
95,"#day2 of #100DaysOfCode 
Continuing  the learning with #DSAwithKunal
Solved few sums on searching .Frankly i enjoyed solving today , and had a smile after successful submission . üòä
 Also revised  few of Python concepts and started  a small project to apply my learnings. https://t.co/kiFQW2Fj55",en,1540403728393457664,1460656936978763779,2022-06-24T18:37:22.000Z
96,"#Day71-
Today,I Learn about Encryption,Hashing &amp; Salting of Passwords.
Also,I created Login and Registering Users with Authentication Website Project usingüå∂Ô∏è#Flask, #Jinja,flask_sqlalchemy,werkzeug &amp; flask_login inüêç#Python.
#100DaysOfCode #100daysofcodechallenge #100daysofpython https://t.co/ujna2kFfW9",en,1540403608394801152,1297503108096917505,2022-06-24T18:36:54.000Z
97,"9 Python Mistakes only Beginners Make
- #1 Use general imports
- #2 try/except Without Specific Exception
- #3 Not closing file
- #4 Not following PEP8 standard
- #5 Dictionary Iteration with Keys
- #6 Not using List ...
- (more)
https://t.co/Z4iamcLU8a
#100DaysOfCode",en,1540403149437124614,1263177420934459396,2022-06-24T18:35:04.000Z
98,"Buy Sitejabber Reviews
https://t.co/s5mE9L10Yf
#buysitejabberreviews #sitejabberreviews #MachineLearning #DataScience #5G #100DaysOfCode #Python
#Cybersecurity #BigData #AI #IoT #DeepLearning #ArtificialIntelligence #NLP #robots
#Industry40 #tech #DEVCommunity #javascript30 https://t.co/XhLpVenkfC",in,1540403025717563392,1467832937768898564,2022-06-24T18:34:35.000Z
99,"Ô£ø Louder We Can‚Äôt Hear You
#Python #IoT #ETH #PyTorch #Ad #JavaScript #ReactJS #WordPress #Security #DeFi #100DaysOfCode 
#trendingkiiara #buildinginpublic
@KIIARA #fintech #insurtech #AI #finserv #marketing #TensorFlow #datavis #Infosec #DevOps #NFT
#MLOps #Flutter #HTML #Azure https://t.co/ZddNwIsFlM",en,1540402943232450563,1430636979830628359,2022-06-24T18:34:15.000Z
